[{"sample":"Catimages (1).jpg","uri":"https://smbvideolibrary.blob.core.windows.net/smbvideolibrary/Catimages (1).jpg","size":"4386"},{"sample":"Catimages.jpg","uri":"https://smbvideolibrary.blob.core.windows.net/smbvideolibrary/Catimages.jpg","size":"4386"},{"sample":"Catimages_5.jpg","uri":"https://smbvideolibrary.blob.core.windows.net/smbvideolibrary/Catimages_5.jpg","size":"4386"},{"sample":"eatslugs.mp4","uri":"https://smbvideolibrary.blob.core.windows.net/smbvideolibrary/eatslugs.mp4","size":"1819942"},{"sample":"eatslugs_2.mp4","uri":"https://smbvideolibrary.blob.core.windows.net/smbvideolibrary/eatslugs_2.mp4","size":"1819942"},{"sample":"eatslugs_3.mp4","uri":"https://smbvideolibrary.blob.core.windows.net/smbvideolibrary/eatslugs_3.mp4","size":"1819942"},{"sample":"eatslugs_5.mp4","uri":"https://smbvideolibrary.blob.core.windows.net/smbvideolibrary/eatslugs_5.mp4","size":"1819942"}]